theme_id,theme,line,status,research_index_code,research_index_name,research_route,tr_code_candidates,execution_fund_code,execution_fund_name,execution_alternatives,qdii_or_lof,open_question,identity_source
T01,沪深300,宽基,retained,000300,沪深300,csi,H00300,510300,华泰柏瑞沪深300ETF,159919;510330,,,astra R0 单张 000300；基准 H00300 见 I-18
T02,中证500,宽基,retained,000905,中证500,csi,H00905,510500,南方中证500ETF,159922;512500,,,astra R0 单张 000905（发布 2007-01-15）
T03,中证1000,宽基,retained,000852,中证1000,csi,H00852,512100,南方中证1000ETF,159845,,执行基金按规模复核（512100 vs 159845）,astra R0 身份 000852
T04,科创50,宽基,retained,000688,上证科创板50成份,csi,H00688;000688CNY010,588000,华夏上证科创板50ETF,588080;588050,,历史短（2020 起，基日 2019-12-31），设计期几乎无样本,astra R0 身份 000688
T05,创业板,宽基,retained,399006,创业板指,eastmoney_index,399606,159915,易方达创业板ETF,159952,,399006 为深交所/国证指数，不在中证 API；走东财/腾讯指数行情,astra R0 单张 399006
T06,半导体,科技链,retained,H30184,中证全指半导体产品与设备,csi,H30184CNY010;H20184,512480,国联安中证全指半导体ETF,159813,,框架参考的 512760 跟踪中华半导体芯片指数，与 H30184 不匹配（astra 已核）；改用跟踪 H30184 的 512480，需 probe 确认跟踪关系,astra R0：H30184 单张 + 512760 产品页不匹配
T07,半导体设备,科技链,flagged,931743,中证半导体材料设备主题,csi,931743CNY010,159516,国泰中证半导体材料设备主题ETF,159327;159558;560780;562590,,中证元数据发布日 2012-12-21 与基日 2018-12-28 冲突，实际起点以拉到的数据为准；5 只精确同指数 ETF 按规模选,astra R0 09-29：5 只精确映射；931743CNY010 为全收益辅指数
T08,AI/算力,科技链,retained,930713,中证人工智能主题,csi,930713CNY010;H20713,159819,易方达中证人工智能ETF,515070;159381,,执行基金按规模复核,astra R0 身份 930713
T09,通信/光模块,科技链,retained,931160,中证全指通信设备,csi,931160CNY010,515880,国泰中证全指通信设备ETF,159695,,光模块是通信设备的子集，容器名保留「通信/光模块」但研究指数为全指通信设备,astra R0：931160—515880 局部映射
T10,软件/信创,科技链,retained,H30202,中证全指软件,csi,H30202CNY010;H20202,515230,国泰中证全指软件ETF,159852,,,astra R0：H30202—515230 局部映射
T11,机器人,科技链,retained,H30590,中证机器人,csi,H30590CNY010;H20590,562500,华夏中证机器人ETF,159770,,,astra R0 身份 H30590
T12,消费电子,科技链,retained,931494,中证消费电子主题,csi,931494CNY010,159732,天弘中证消费电子主题ETF,561600,,执行基金按规模复核,astra R0 身份 931494
T13,有色,周期,retained,000819,中证有色金属,csi,H00819;000819CNY010,512400,南方中证有色金属ETF,159881,,,astra R0 身份 000819
T14,煤炭,周期,retained,399998,中证煤炭,csi,399998CNY010;H29998,515220,国泰中证煤炭ETF,,,框架初查的 000820（中证申万煤炭）不采用,astra R0：399998—515220 局部映射
T15,原油,周期,flagged,BRENT,布伦特原油现货（EIA RBRTE）/ 期货 BZ=F,eia_or_yahoo,,501018,南方原油 QDII-FOF-LOF,160723;161129,QDII-LOF,无单一指数；研究序列用布伦特（美元），执行基金为 FOF（60%WTI+40%Brent 基准）且带溢价层；溢价只作执行层限制，不进信号（prereg §3.3）,astra R0：501018 概要 p2 复合基准
T16,黄金,周期/防守,flagged,518880,华安黄金ETF 后复权（研究=执行）,eastmoney_etf_hfq,,518880,华安黄金易ETF,159934;518800,,无单一中证指数；黄金 ETF 持有实物金、跟踪误差极小，直接用其后复权序列（2013-07 起）。若 CC 能拉到上海金 Au99.99 日线（2002 起）则替换为研究序列,astra R0：518880 概要 p1 现货目标
T17,钢铁,周期,retained,930606,中证钢铁,csi,930606CNY010;H20606,515210,国泰中证钢铁ETF,,,,astra R0 身份 930606
T18,化工,周期,retained,H30187,中证细分化工产业主题,csi,H30187CNY010;H20187,159870,鹏华中证细分化工产业主题ETF,516020,,执行基金按规模复核,astra R0 身份 H30187
T19,新能源车,制造,retained,930997,中证新能源汽车,csi,930997CNY010;H20997,515030,华夏中证新能源汽车ETF,159806;515700,,,astra R0 身份 930997
T20,光伏,制造,retained,931151,中证光伏产业,csi,931151CNY010,515790,华泰柏瑞中证光伏产业ETF,159857,,,astra R0 身份 931151
T21,军工,制造,retained,399967,中证军工,csi,399967CNY010;H29967,512660,国泰中证军工ETF,512810,,固定信息源无高频一手来源（sources §6），卡片证据栏预期长期为空,astra R0：399967—512660 局部映射
T22,医药,消费医药,retained,000913,沪深300医药卫生,csi,H00913,512010,易方达沪深300医药卫生ETF,159938;512170,,000913 是 300 医药，非全指医药；与框架参考基金 512010 精确匹配，保留,astra R0 身份 000913
T23,创新药,消费医药,retained,931152,中证创新药产业,csi,931152CNY010,159992,银华中证创新药产业ETF,515120,,,astra R0 身份 931152
T24,消费,消费医药,retained,000932,中证主要消费,csi,H00932,159928,汇添富中证主要消费ETF,510630,,,astra R0 身份 000932
T25,白酒,消费医药,flagged,399987,中证酒,csi,399987CNY010;H29987,512690,鹏华中证酒ETF,,,无跟踪「中证白酒 399997」的 ETF；512690 跟踪中证酒（白酒权重 ≥ 85%）。研究指数改为 399987 以匹配可执行基金；容器名保留「白酒」,astra R0：399997 与 512690 不匹配
T26,农业,消费医药,retained,000949,中证农业,csi,H00949,159825,富国中证农业主题ETF,159827,,粮食 / 畜牧 / 豆粕不用近似替代（prereg）,astra R0 身份 000949
T27,银行,金融地产,retained,399986,中证银行,csi,399986CNY010;H29986,512800,华宝中证银行ETF,515020;159887,,高股息容器，全收益口径尤其重要,astra R0 身份 399986
T28,券商,金融地产,retained,399975,中证全指证券公司,csi,399975CNY010;H29975,512880,国泰中证全指证券公司ETF,512000;159841,,,astra R0：399975—512880 局部映射
T29,保险,金融地产,excluded,932136,中证保险主题,,,,,,,无纯保险 ETF 可执行（512070 等跟踪非银/证券保险），按 prereg 剔除，不用证券保险近似,astra R0：932136 身份，未证实精确执行基金
T30,地产,金融地产,retained,931775,中证全指房地产,csi,931775CNY010,512200,南方中证全指房地产ETF,159707,,,astra R0 身份 931775
T31,红利,防守,retained,000015,上证红利,csi,H00015,510880,华泰柏瑞上证红利ETF,,,仓库已有 510880 后复权 2007 起（kline_hfq_510880.csv）可交叉核对 H00015,astra R0 身份 000015
T32,红利低波,防守,retained,H30269,中证红利低波动,csi,H30269CNY010;H20269,512890,华泰柏瑞中证红利低波ETF,515100,,,astra R0 身份 H30269
T33,国债,防守,flagged,H11077,中证10年期国债指数（需财富/全收益版本）,csi,H11077 财富版代码待 probe（如 H11077CNY010 或 CSI 债券财富指数编码）,511260,国泰上证10年期国债ETF,511010;511020,,价格/净价/财富版本未厘清（astra 09-29）；V1 需含利息再投资的版本，probe 若拉不到财富版则用 511260 后复权序列（2017-08 起）,astra R0 09-29：发布 2013-03-07、基日 2008-12-31
T34,现金,防守,execution_only,,,none,,511880,银华日利ETF（货币）,511360,,不进面板、不出信号：无信号时的默认去处（prereg §5）,astra R0：511880 概要 主动货币基金
T35,纳指100,海外,retained,NDX,Nasdaq-100（价格，USD）,yahoo,^XNDX（全收益）,513100,国泰纳斯达克100ETF,159941;513300,QDII,美元序列；QDII 溢价只作执行层限制,astra R0：NDX Versions + 513100 概要
T36,纳指科技,海外,flagged,NDXTMC,Nasdaq-100 Technology Sector Market-Cap（价格，USD）,yahoo,,159509,景顺长城纳斯达克科技市值加权ETF,,QDII,NDXTMC 在免费源可能不可得；probe 拉不到则本容器不进面板（AGENTS：不用近似指数替代；^NDXT 是等权版，只探测可得性不采用），由 astra 另试 Nasdaq 官方历史数据页；159509 溢价常极端（2026-05 曾 40%+）,astra R0：NDXTMC 方法文件 + 159509 产品页
T37,标普500,海外,retained,SPX,S&P 500（价格，USD）,yahoo,^SP500TR,513500,博时标普500ETF,159612;513650,QDII,,astra R0：513500 概要 p2 NTR 基准
T38,恒生科技,海外,retained,^HSTECH,恒生科技指数（HKD）,yahoo,,513180,华夏恒生科技ETF,513130;159740,QDII,指数 2020-07 发布、基日 2014-12-31；免费源多只有 2020 起,astra R0：513180 旧概要 p1
T39,日经,海外,retained,N225,日经225（JPY）,yahoo,,513520,华夏野村日经225ETF,159866,QDII,日元序列,astra R0：513520 概要
