source_id,名称,发布方,性质,等级,节奏,发布时点_本地,发布时点_北京,时间精度,可用时点规则,官方网址,存档,获取方式,对应容器,层,核实状态,备注
ENE-EIA-WPSR,周度石油状况报告（WPSR）,美国能源信息署 EIA,官方,A,每周三；节假日顺延周四,周三 10:30 ET（汇总表）；节假日周四 12:00 ET,周三 22:30（夏令时）/ 23:30（冬令时）,分钟,发布时 A 股已收盘 → 最早用于次一交易日收盘生成的卡片,https://www.eia.gov/petroleum/supply/weekly/,https://www.eia.gov/petroleum/supply/weekly/archive/,网页；CSV/JSON（ir.eia.gov/wpsr/psw00.*）；API v2 需 key,原油,L1,已核：官方日程页 schedule.php，与 2026-09-10 顺延日一致,首发值会被修订，记首发值；psw00 文件被每期覆盖，必须存快照
ENE-EIA-STEO,短期能源展望（STEO）,美国能源信息署 EIA,官方,A,月度，官方日程,12:00–12:15 ET,次日 00:00（夏令时）/ 01:00（冬令时）,分钟,同上：次一交易日,https://www.eia.gov/outlooks/steo/,https://www.eia.gov/outlooks/steo/outlook.php,网页；API v2,原油,L1,已核：release_schedule.php，与本期/下期一致,预测类，引用「预测修订方向」而非当作实际数据
ENE-IEA-OMR,石油市场报告（OMR）免费摘要,国际能源署 IEA,官方,A,月度，官方日程,10:00 巴黎时间,16:00（夏令时）/ 17:00（冬令时）,分钟,发布时 A 股已收盘 → 次一交易日,https://www.iea.org/data-and-statistics/data-product/oil-market-report-omr,https://www.iea.org/reports/oil-market-report-<month>-<year>,网页,原油,L1,已核：日程与 7 月、8 月实际发布日一致,只能引用免费的 Highlights / Overview；全文付费
ENE-OPEC-MOMR,OPEC 月度石油市场报告（MOMR）,OPEC 秘书处,官方,C,月度,待核（一次样本：12:05 UTC）,待核（约 20:05）,待核,服务器核实前不得作为证据,https://www.opec.org/monthly-oil-market-report.html,待核,网页 / PDF,原油,L1,2026-10-02 UTC 服务器请求（环境代理）：可用性=HTTP403（同URL重试一次仍403）；发布时间=待核；存档入口=待核；保留C。依据：https://www.opec.org/monthly-oil-market-report.html,路透社常在官方上网前拿到副本；证据只能引用官方发布，不能引用新闻时间
GEO-UKMTO-WARN,UKMTO 警告 / 咨询通告 PDF,英国皇家海军 UKMTO,官方,B,事件驱动,PDF 抬头 UTC 日期时间组,UTC+8,分钟（但可能是生效时间）,以「PDF 抬头时间」与「首次抓取时间」中较早者为可用时点,https://www.ukmto.org/,列表页为 JS，未找到稳定存档,PDF,原油；黄金,L1（地缘）,部分已核：单份 PDF 时间戳已核；列表与存档待核,霍尔木兹类事件唯一能到分钟的一手来源；带 rev 参数的链接会变，必须存 PDF 快照
GEO-MARAD-MSCI,美国海事咨询 / 警报（MSCI）,美国交通部海事管理局 MARAD,官方,B,事件驱动,只到日（生效日）,只到日,日,按「生效日次日 00:00（北京）」与首次抓取时间中较早者,https://www.maritime.dot.gov/msci-advisories,https://www.maritime.dot.gov/msci-alerts（保留已撤销条目）,网页；邮件订阅,原油,L1（地缘）,已核：2026-004 → 2026-011 衔接一致,滞后于事件本身，适合作「官方风险等级变化」证据，不适合给事件定时
GEO-OFAC-RA,OFAC 近期行动（Recent Actions）,美国财政部 OFAC,官方,B,不定期,只到日,只到日,日,按「发布日次日 00:00（北京）」与首次抓取时间中较早者,https://ofac.treasury.gov/recent-actions,https://ofac.treasury.gov/recent-actions/YYYYMMDD,网页；名单增量文件（RSS 已于 2025-02 退役）,原油；有色,L1（地缘）,已核,伊朗 / 俄罗斯 / 委内瑞拉相关制裁
GEO-JMIC-ADV,JMIC 咨询通告,联合海事信息中心 JMIC,官方,C,事件驱动,只到日,只到日,日,服务器核实存档入口前不得作为证据,https://www.ukmto.org/partner-products/jmic-products,未找到,PDF,原油,L1（地缘）,2026-10-02 UTC 服务器请求（环境代理）：可用性=HTTP403（同URL重试一次仍403）；发布时间=待核；存档入口=待核；保留C。依据：https://www.ukmto.org/partner-products/jmic-products,与 UKMTO 重叠，优先用 UKMTO
PM-SAFE-ORA,官方储备资产月表（含黄金储备）,国家外汇管理局,官方,B,月度，约每月 7 日,只到日（样本2026-09-07；分钟待核）,只到日,日,按发布日次日00:00（北京）与首次抓取留档时间中较早者,https://www.safe.gov.cn/safe/whcb/index.html,栏目按年归档；附件会被替换,网页；Excel / PDF 附件,黄金,L1,2026-10-02 UTC 服务器请求（环境代理；栏目另经禁用代理直连HTTP200）：可用性=栏目与年度页HTTP200且内容可读；发布时间=年度页发布日期及PubDate均2026-09-07（只到日；非固定日程）；存档入口=栏目列出历年页面，非每月首发快照；时刻待核，保留B。依据：https://www.safe.gov.cn/safe/whcb/index.html | https://www.safe.gov.cn/safe/2026/0205/27113.html,同一页面全年覆盖，附件会换，必须存当月附件快照；中国央行购金以此为准
PM-SGE-RPT,上海黄金交易所行情周报 / 月报,上海黄金交易所,官方,B,周报：次周一或周二；月报：次月初,只到日,只到日,日,按「发布日 23:59（北京）」与首次抓取时间中较早者,https://www.sge.com.cn/sjzx/hqzb,列表可翻页，每期 PDF,网页 / PDF,黄金,L2,已核：列表日期,SGE 不公布央行储备
PM-WGC-ETF,全球黄金 ETF 持仓与流量,世界黄金协会 WGC,半一手（行业汇编）,B,周度（次周一）；月度,只到日,只到日,日,按首次抓取时间,https://www.gold.org/goldhub/data/gold-etfs-holdings-and-flows,goldhub/research/gold-etfs-holdings-and-flows/YYYY/MM,Excel,黄金,L2,部分已核：节奏已核；数据文件与评论文章发布日不同,汇编各 ETF 披露，不是基金原始披露
MET-LME-STK,LME 仓库库存（免费延迟版）,伦敦金属交易所 LME,官方,B,免费版日度，延迟两天,实时版 09:00 伦敦（付费）,—,日,免费版一律按 T+2 可用,https://www.lme.com/market-data/reports-and-data/warehouse-and-stocks-reports,https://www.lme.com/market-data/accessing-market-data/historical-data,Excel,有色,L1,已核：免费 / 收费划分,容易被误当成当日数据
MET-SHFE-WKSTK,上期所库存周报 / 仓单日报,上海期货交易所,官方,C,周度，周五收盘后（节前提前）,待核,待核,待核,服务器核实前不得作为证据,https://www.shfe.com.cn/reports/tradedata/dailyandweeklydata/,官网按日期查询（未验证）,网页（接口待核）,有色,L1,2026-10-02 UTC 服务器请求（环境代理）：可用性=HTTP200且有库存周报/仓单日报栏目，但未取得带日期的数据记录（不能视作数据可读）；发布时间=待核；存档入口=日期查询数据未验证；保留C，未猜接口。依据：https://www.shfe.com.cn/reports/tradedata/dailyandweeklydata/,最早用于下周一
TEC-TSMC-MREV,台积电月营收,台积电投资人关系,官方（公司法定申报）,A,月度，约次月 10 日前（节假日提前）,13:30 台北,13:30,分钟,A 股盘中发布 → 可用于当日收盘卡片,https://investor.tsmc.com/english/monthly-revenue,https://investor.tsmc.com/english/financial-calendar；历史 xlsx,网页；xlsx,半导体；半导体设备；AI/算力；全球半导体；中韩半导体；科创50,L1,已核：财务日历写明 13:30 Asia/Taipei,日期不固定在 10 日，以财务日历为准；2026 年数据未经审计
TEC-WSTS-MSALES,全球半导体月度销售（Historical Billings）,WSTS（SIA / ESIA 转发）,官方行业统计,B,月度，数据滞后约 5 周,待核（日程仅称太平洋工作时段；不等于免费公开时刻）,待核,日,按公开日次日 00:00（北京）与首次抓取时间中较早者,https://www.wsts.org/67/Historical-Billings-Report,同页公开累计历史文件入口已见；逐期首发/SIA新闻稿存档待核,xlsx,半导体；全球半导体；科创50；中韩半导体；纳指科技,L1,2026-10-02 UTC 服务器请求（环境代理）：可用性=Historical Billings及日程页HTTP200可读，公开xlsx/PDF入口可见；发布时间=日程只称美国太平洋工作时段且会员约3天保留期，不是免费公开精确时刻；存档入口=公开累计历史文件可见，逐期首发/SIA新闻稿存档未核；保留B待核。依据：https://www.wsts.org/67/Historical-Billings-Report | https://www.wsts.org/61/73/Publication-Schedule-for-WSTS-Reports,3 个月移动平均；免费 xlsx 每月覆盖，需按月存快照；会员版早 3 天，以公开日为准
TEC-SEMI-WWSEMS,全球半导体设备出货季报（新闻稿）,SEMI / SEAJ,官方行业统计,B,季度，季后约 2 个多月,新闻稿（样本 18:00 ET）,次日 06:00（样本）,分钟（按新闻稿）,以新闻稿时间戳为准,https://www.semi.org/en/products-services/market-data/equipment,新闻稿存档,网页,半导体设备；半导体；日经,L1,已核两期样本；无公开日程,北美月度出货报告自 2022 年起仅对订阅用户开放，不收录
TEC-KR-MOTIR-MEXP,韩国月度进出口动向（含半导体）,韩国产业通商部 MOTIR,官方,A,每月 1 日发布上月,PDF 抬头「보도시점」（2026 年样本 11:00 KST）,10:00（样本）,分钟,以 PDF 抬头报道时点为准 → A 股盘中，可用于当日收盘卡片,https://www.motir.go.kr/,korea.kr 与 motir.go.kr 新闻稿存档,网页；PDF / HWP,中韩半导体；半导体；全球半导体,L1,部分已核：两期 PDF 抬头；官方无固定时刻说明,每期必须读 PDF 抬头，不能假定固定时刻
TEC-KR-KCS-10D20D,韩国关税厅 1–10 日 / 1–20 日进出口（初步值）,韩国关税厅,官方,B,每月 11 日、21 日,待核（不采用媒体推断09:00 KST）,待核,日（时刻待核）,按首次抓取时间,https://www.customs.go.kr/,https://www.customs.go.kr/kcs/na/ntt/selectNttList.do?mi=2891&bbsId=1362（已打开；目标原稿附件待核）,网页；hwpx / pdf,中韩半导体；半导体,L1,2026-10-02 UTC 服务器请求（环境代理）：可用性=根页HTTP200为跳转壳，跟随其明示/kcs/main.do与新闻稿栏目均HTTP200可读；发布时间=栏目只显示日期，未核1–10/1–20日原稿分钟时刻；存档入口=新闻稿列表已打开，目标报告及附件仍待核；保留B。依据：https://www.customs.go.kr/ | https://www.customs.go.kr/kcs/main.do | https://www.customs.go.kr/kcs/na/ntt/selectNttList.do?mi=2891&bbsId=1362,本组频率最高、最领先的硬数据
TEC-CN-GACC-TRADE,海关总署月度进出口快讯（含集成电路）,海关总署,官方,C,月度（2026 年日程见海关总署公告 2025 年第 240 号）,约 11:00（据媒体推断）,约 11:00,待核,服务器核实前不得作为证据,http://www.customs.gov.cn/,统计快讯栏目（本环境 412）,网页；在线查询平台（HS 细分每月 20 日开放）,半导体；科创50；通信/光模块；AI/算力,L1,2026-10-02 UTC 服务器请求（环境代理）：可用性=HTTP412（同URL重试一次仍412）；发布时间=待核，未用转载推定；存档入口=待核；保留C。依据：http://www.customs.gov.cn/,光模块对应 HS 编码待定
TEC-US-EDGAR,SEC EDGAR 申报（8-K Item 2.02 / 10-Q）,美国证券交易委员会 SEC,官方,A,事件驱动,Accepted 时间戳（ET，到秒）,ET + 12 / 13 小时,秒,取 Accepted 与公开时间中较早者；17:30 ET 后受理的文件次日早上才公开,https://www.sec.gov/edgar/search/,EDGAR 全量,API（data.sec.gov，免 key）,AI/算力；通信/光模块；纳指100；纳指科技；标普500；半导体,L1,已核：NVIDIA 8-K 实例（Accepted 2026-08-26 16:21:19）,云厂商资本开支的一手来源；公司 IR 日历为 JS 页面，待核
TEC-TW-HONHAI-MREV,鸿海月营收,鸿海精密,官方（公司申报）,B,月度，约次月 5 日,待核,待核,日,按首次抓取时间,https://www.honhai.com/,公司新闻列表,网页,AI/算力；通信/光模块,L1,部分已核：连续多期发布日,AI 服务器的早期代理指标，比台积电早约 5 天
TEC-KR-SAMSUNG-GUID,三星季度业绩指引,三星电子,官方（公司披露）,B,季度，季后约 7 日,待核,待核,日,按首次抓取时间,https://news.samsung.com/,公司新闻存档,网页,中韩半导体；半导体,L1,部分已核：发布日,只有合并数，没有半导体分部
TEC-SEAJ-MBILL,日本制半导体设备月度销售额（3 个月均值速报）,日本半导体制造装置协会 SEAJ,官方行业统计,B,月度,只到日（样本2026-09-18；本期时刻待核）,只到日,日,按发布日次日00:00（北京）与首次抓取留档时间中较早者,https://www.seaj.or.jp/statistics/,https://www.seaj.or.jp/statistics/（Back Number入口；xls已请求）,网页 / PDF / xls,半导体设备；日经,L1,2026-10-02 UTC 服务器请求（环境代理后禁用代理直连复核3个URL均HTTP200）：可用性=统计页及当期PDF均HTTP200可读，明确WEB一般公開資料；发布时间=当期发布日2026-09-18，只到日；PDF所载次回9/21 15:40仅下次预告，不推为固定日程或本期时刻；存档入口=Back Number半导体xls HTTP200且为有效OLE文件头，未解析表值；C→B。依据：https://www.seaj.or.jp/statistics/ | https://www.seaj.or.jp/statistics/1497131632215.pdf | https://www.seaj.or.jp/statistics/34971587085879.xls,北美月报停止公开后的候选替代
MAC-US-FOMC,FOMC 会议声明,美联储,官方,A,按年度日历,会议次日 14:00 ET,次日 02:00（夏令时）/ 03:00（冬令时）,分钟,次一交易日,https://www.federalreserve.gov/monetarypolicy/fomccalendars.htm,同站存档,网页；RSS（未核）,纳指100；纳指科技；标普500；全部美股 QDII,L3,已核,日历「tentative until confirmed」
MAC-US-BLS-CPI,美国 CPI,美国劳工统计局 BLS,官方,A,月度，官方日程,08:30 ET,20:30（夏令时）/ 21:30（冬令时）,分钟,次一交易日,https://www.bls.gov/schedule/news_release/cpi.htm,https://www.bls.gov/bls/news-release/cpi.htm,网页；API,纳指100；纳指科技；标普500,L3,已核,政府停摆可能改期
MAC-US-BLS-NFP,美国非农就业,美国劳工统计局 BLS,官方,A,月度，官方日程,08:30 ET,20:30 / 21:30,分钟,次一交易日,https://www.bls.gov/schedule/news_release/empsit.htm,同站存档,网页；API,纳指100；纳指科技；标普500,L3,已核,
MAC-JP-BOJ-MPM,日本央行货币政策会议,日本银行,官方,B,按年度日历,声明时刻不固定（会议结束即发）,待核,日,按会议结束日次日 00:00（北京）与首次抓取时间中较早者,https://www.boj.or.jp/en/mopo/mpmsche_minu/index.htm,同站,网页,日经,L3,部分已核：日程已核，声明时刻待核,
HK-HKEX-NEWS,港交所披露易 / 恒生指数检讨公告,港交所；恒生指数公司,官方,C,事件驱动,待核,待核,待核,服务器核实前不得作为证据,https://www.hkexnews.hk/,待核,网页（JS）,恒生科技,L1,2026-10-02 UTC 服务器请求（环境代理）：可用性=HTTP200（自动转/index.htm）但仅导航/搜索JS壳，无公告行；发布时间=待核；存档入口=未取得可读历史公告列表，恒生检讨亦未核；保留C。依据：https://www.hkexnews.hk/,
CN-NBS-PRICE,CPI / PPI / 70 城房价 / PMI,国家统计局（PMI 与中国物流与采购联合会联合）,官方,A,月度，年度日程表,09:30,09:30,分钟,A 股盘前 / 盘中 → 可用于当日收盘卡片,https://www.stats.gov.cn/sj/zxfb/,https://www.stats.gov.cn/sj/zxfb/（按年月归档）,网页,宽基；地产；红利；国债,L3,已核：多期发布页时间戳；2026 年日程表 t20251224_1962137,日程表注明「初步计划，届时可能调整」
CN-NBS-MONTHLY,国民经济运行 / 工业增加值与产品产量 / 能源生产 / 社零 / 固定资产与房地产投资,国家统计局,官方,A,月度，年度日程表（1–2 月合并）,10:00,10:00,分钟,可用于当日收盘卡片,https://www.stats.gov.cn/sj/zxfb/,同上,网页,宽基；地产；煤炭（原煤）；有色（十种有色）；机器人（工业 / 服务机器人产量）；光伏（太阳能电池产量）；消费 / 白酒（社零烟酒类）,L1 / L3,已核：2026-09-15 各发布页 10:00,附表没有多晶硅、白酒产量；烟酒类是限额以上口径，不等于白酒
CN-NBS-HOG-Q,季度生猪存栏 / 出栏 / 能繁母猪,国家统计局,官方,A,季度，随季度国民经济发布,页面时间戳（样本 17:25）,同左,分钟,按页面时间戳,https://www.stats.gov.cn/sj/zxfbhjd/,同站,网页,农业（畜牧）,L1,已核：2026-07-15 样本,能繁母猪数字常在解读稿里
CN-PBOC-LPR,贷款市场报价利率 LPR,全国银行间同业拆借中心（受权）,官方,A,每月 20 日（节假日顺延）,09:00,09:00,分钟,可用于当日收盘卡片,https://www.chinamoney.com.cn/chinese/bklpr/,同页,网页,银行；地产；国债,L3,已核：官方页原文,
CN-PBOC-OMO,公开市场业务交易公告,中国人民银行,官方,A,每个工作日,按公告正文时间戳（样本2026-09-30 09:20:30；非固定日程）,同左（北京）,秒,按每期官方正文发布时刻,https://www.pbc.gov.cn/zhengcehuobisi/125207/125213/125431/125475/index.html,同左,网页,国债；现金；银行,L3,2026-10-02 UTC 服务器请求（环境代理后禁用代理直连复核2个URL均HTTP200）：可用性=栏目及第192号公告HTTP200且正文可读；发布时间=正文显示2026-09-30 09:20:30（样本，非固定日程；不采用URL或createDate）；存档入口=原栏目列20条公告并有191页分页入口；C→A。依据：https://www.pbc.gov.cn/zhengcehuobisi/125207/125213/125431/125475/index.html | https://www.pbc.gov.cn/zhengcehuobisi/125207/125213/125431/125475/2026093008493852899/index.html,
CN-PBOC-FINSTAT,金融统计数据（M2 / 社融 / 信贷）,中国人民银行,官方,C,月度，无固定日期（约 10–15 日）,盘后（样本 17:00 以后）,同左,待核,服务器核实前不得作为证据,https://www.pbc.gov.cn/,https://www.pbc.gov.cn/diaochatongjisi/116219/116319/2026ntjsj/index.html（年度分类目录；报告首发档案未核）,网页 / PDF,银行；宽基；地产,L3,2026-10-02 UTC 服务器请求（环境代理）：可用性=首页/2026统计目录/货币统计概览HTTP200可读，附件入口可见，未打开具体报告；发布时间=金融统计报告硬发布日期/时刻待核；存档入口=首页历年统计目录与2026分类页已见，但报告首发档案未核；保留C。依据：https://www.pbc.gov.cn/ | https://www.pbc.gov.cn/diaochatongjisi/116219/116319/2026ntjsj/index.html | https://www.pbc.gov.cn/diaochatongjisi/116219/116319/2026ntjsj/hbtjgl/index.html,
CN-CSI-ANN,中证指数样本调整公告与编制方案,中证指数有限公司,官方,B,定期（5 月、11 月下旬公布）+ 临时,附件文件名带时间戳（样本 15:58）,同左,分钟（附件）/ 日（列表）,以附件时间戳与首次抓取时间中较早者,https://www.csindex.com.cn/,oss-ch.csindex.com.cn 静态 PDF,PDF 直链；列表为 JS,宽基；红利；全部跟踪中证指数的容器,L2,部分已核：编制规则与单个附件已核；公告列表待核,实操上盘后发布
CN-CNINFO-ANN,巨潮资讯网公告（基金溢价提示 / 停复牌 / 上市公司公告）,巨潮资讯网（证监会指定披露平台）,官方,B,事件驱动,announcementTime 只到「披露日 00:00」；实际常在前一晚上网,只到日,日,一律以首次抓取时间为可用时点；披露日只作参考,http://www.cninfo.com.cn/,全文检索支持日期区间,JSON 检索接口,全部容器（溢价 / 停牌）；白酒 / 军工等公司层面信息,L2 / L4,已核：接口与时间戳语义,最容易误用：时间戳既不是真实上网时刻，也不能反推「收盘前已知」
CN-SZSE-ETFSHARE,深交所 ETF 列表（当前规模，万份）,深圳证券交易所,官方,B,日度，至少滞后 1 个交易日,待核,待核,日,以接口 subname 日期为数据日，以首次抓取时间为可用时点,https://www.szse.cn/api/report/ShowReport/data?SHOWTYPE=JSON&CATALOGID=1945&TABKEY=tab1,历史日期参数待核,JSON（免登录）,深市 ETF 份额,L2,部分已核：接口与字段,
CN-SSE-ETFSCALE,上交所 ETF 规模,上海证券交易所,官方,C,日度，当日清算后,待核,待核,待核,服务器核实前不得作为证据,https://www.sse.com.cn/market/funddata/volumn/etfvolumn/,待核,query.sse.com.cn 接口（需 Referer）,沪市 ETF 份额,L2,2026-10-02 UTC 服务器请求（环境代理）：可用性=首次TLS握手超时，同URL重试一次HTTP200，仅页面说明可读，无规模数据行；发布时间=官方仅注明当日清算后数据，不是发布时刻；存档入口=历史数据待核；保留C，未猜接口。依据：https://www.sse.com.cn/market/funddata/volumn/etfvolumn/,
CN-MARGIN-SSE-SZSE,两融日度数据,上交所 / 深交所,官方,C,日度，T+1 早上（据第三方）,待核,待核,待核,服务器核实前不得作为证据；核实后一律按 T+1 可用,https://www.sse.com.cn/market/othersdata/margin/sum/,待核,接口（参数待核）,宽基；券商,L3,2026-10-02 UTC 服务器请求（环境代理）：可用性=上交所页首次HTTP200且标题可见，后续读取TLS握手超时；发布时间=待核，T+1未获官方核实；存档入口=待核；深交所分支亦未核，保留C。依据：https://www.sse.com.cn/market/othersdata/margin/sum/,T 日两融不能进 T 日收盘卡片
CN-CSRC-NEWS,证监会新闻发布,中国证监会,官方,B,不定期,只到日,只到日,日,以首次抓取时间为可用时点,http://www.csrc.gov.cn/csrc/xwfb/index.shtml,同栏目,网页,券商；宽基,L3,部分已核：入口已核,c100028 旧列表不要用
CN-XINHUA-POLICY,政治局会议 / 国务院常务会议通稿,新华社 / 中国政府网,官方,B,政治局约每月下旬；国常会约每周,新华社原稿实载时刻（国常会样本2026-09-28 20:15:55；非固定日程）,同左（北京）,秒（已核国常会原稿）,以新华社原始时刻与首次抓取时间中较早者；未核时刻不得套用国常会样本,https://www.news.cn/,https://www.news.cn/politics/leaders/liqiang/hyhd.htm（已核国常会；政治局目录未核）,网页,全部,L3,2026-10-02 UTC 服务器请求（环境代理后禁用代理直连复核2个URL均HTTP200）：可用性=新华社原稿及会议活动目录HTTP200正文可读；发布时间=国常会原稿2026-09-28 20:15:55北京（样本，不是固定日程）；存档入口=李强会议活动目录列出多期国常会链接；保留B：仅核国常会子类，政治局原稿与存档待核，不以单一子类样本升级组合来源。依据：https://www.news.cn/politics/20260928/50bcc2ca66934feeabf4d1a9e1af9aa8/c.html | https://www.news.cn/politics/leaders/liqiang/hyhd.htm,
CN-CHINABOND-YC,中债国债收益率曲线,中央国债登记结算公司,官方,A,工作日,17:30 北京（官方正文明确每工作日日终发布）,17:30,分钟,一律按次一交易日可用,https://yield.chinabond.com.cn/cbweb-pbc-web/pbc/more?locale=cn_zh,https://yield.chinabond.com.cn/cbweb-pbc-web/pbc/showHistory?locale=cn_ZH（入口已开；结果及下载未验证）,网页（下载需授权）,国债；现金,L3,2026-10-02 UTC 服务器请求（环境代理后禁用代理直连复核2个URL均HTTP200）：可用性=HTTP200且曲线表/日期可读；发布时间=正文明确每个工作日日终17:30北京时间发布一次；存档入口=按页面明示历史数据按钮链接打开历史查询表单HTTP200，未验证历史查询结果/下载；B→A。依据：https://yield.chinabond.com.cn/cbweb-pbc-web/pbc/more?locale=cn_zh | https://yield.chinabond.com.cn/cbweb-pbc-web/pbc/showHistory?locale=cn_ZH,
CN-NEA-POWER,全社会用电量 / 电力工业统计（含光伏新增装机）,国家能源局,官方,B,月度，约 20–26 日，时点不固定（可能周末）,只到日,只到日,日,以首次抓取时间为可用时点,https://www.nea.gov.cn/,nea.gov.cn/YYYYMMDD/…/c.html,网页,光伏；红利（电力）；宽基,L1,已核：发布渠道与日期,
CN-CAAM-AUTO,汽车产销月报,中国汽车工业协会,半一手（行业协会）,C,月度，约 10–11 日盘后,待核,待核,待核,服务器核实前不得作为证据,http://www.caam.org.cn/,http://www.caam.org.cn/chn/5/cate_39/list_1.html（入口可读但列表较旧）,网页（单篇图片正文未核）,新能源车（光伏 / 新能源容器）,L1,2026-10-02 UTC 服务器请求（环境代理）：可用性=首页/单篇/历史列表HTTP200，单篇正文为图片（未抓图核实，不视为数据已读）；发布时间=2026年8月简析页显示2026-09-24，仅到日，不采用搜索摘要的转载日期；存档入口=国内数据列表可读但显示较旧条目；保留C待正文可读性核实。依据：http://www.caam.org.cn/ | http://www.caam.org.cn/chn/5/cate_39/con_5237330.html | http://www.caam.org.cn/chn/5/cate_39/list_1.html,
CN-CPCA-AUTO,乘用车零售周度 / 月度,乘联分会,半一手（协会估算）,C,周度（不定期）+ 月度,待核,待核,待核,服务器核实前不得作为证据,http://www.cpcaauto.com/,待核,网页 / 公众号,新能源车,L1,2026-10-02 UTC 服务器请求（环境代理）：可用性=HTTP403（同URL重试一次仍403）；发布时间=待核；存档入口=待核；保留C。依据：http://www.cpcaauto.com/,周度是估算，会被月度修正，必须记版本
AGR-USDA-WASDE,世界农产品供需预测（WASDE）,美国农业部 USDA,官方,A,月度，官方日程,12:00 ET,次日 00:00（夏令时）/ 01:00（冬令时）,分钟,次一交易日（北京时间跨日，最易记错）,https://www.usda.gov/oce/commodity/wasde,https://esmis.nal.usda.gov/publication/world-agricultural-supply-and-demand-estimates,PDF / XML / XLS / TXT,豆粕；粮食；农业,L1,已核：官方日程与 CME 双源一致,2025-10 曾因政府停摆暂停一期
AGR-MOA-CASDE,中国农产品供需形势分析（CASDE）,农业农村部市场预警专家委员会,官方,A,月度，与 WASDE 同日,页面时间戳（样本 18:33）,同左,秒,按页面时间戳 → 盘后发布，次一交易日,https://www.agri.cn/sj/gxxs/,栏目列表按期编号,网页,农业；豆粕；粮食,L1,已核：列表与单期页（时点只核一期）,中国口径的一手供需平衡表
AGR-MOA-LVSTK-WK,畜产品和饲料集贸市场价格（生猪 / 仔猪 / 玉米 / 豆粕）,农业农村部畜牧兽医局,官方,A,周度：周四采集，下周二或周三发布,页面时间戳（样本 14:44）,同左,秒,按页面时间戳（不能用采集日）,http://www.xmsyj.moa.gov.cn/jcyj/,同栏目翻页,网页,农业（畜牧）；豆粕,L1,已核,采集日与发布日相差 4–6 天
AGR-MOA-HOG-SLTR-WK,定点屠宰企业生猪收购与白条肉出厂价格,农业农村部畜牧兽医局,官方,B,周度，发布日不固定,待核（单篇未打开）,待核,日,以首次抓取时间为可用时点,http://www.xmsyj.moa.gov.cn/jcyj/,同上,网页,农业（畜牧）,L1,部分已核：列表日期,
AGR-NAHS-LVSTK-M,全国畜产品和饲料价格（月度）,全国畜牧总站,官方,B,月度，约次月 8–17 日,待核,待核,日,以首次抓取时间为可用时点,https://www.nahs.org.cn/jcyj/,栏目列表,网页,农业（畜牧 / 禽蛋）,L1,部分已核：列表,
AGR-NOAA-ENSO,ENSO 诊断讨论（月度）,美国 NOAA 气候预测中心 CPC,官方,B,每月第二个周四,只到日（现行页未写09:00 ET；分钟待核）,只到日,日（时刻待核）,一律按次一交易日可用,https://www.cpc.ncep.noaa.gov/products/analysis_monitoring/enso_advisory/ensodisc.shtml,https://www.cpc.ncep.noaa.gov/products/expert_assessment/ENSO_DD_archive.php,网页 / PDF,农业；豆粕；粮食,L1,2026-10-02 UTC 服务器请求（环境代理）：可用性=当期讨论页和存档页HTTP200正文可读；发布时间=当期issued 10 September 2026，下期8 October 2026，现行页无09:00 ET声明；存档入口=2001–2026按年月链接可读；保留B，分钟时刻待核，不沿用2008通知作现行证明。依据：https://www.cpc.ncep.noaa.gov/products/analysis_monitoring/enso_advisory/ensodisc.shtml | https://www.cpc.ncep.noaa.gov/products/expert_assessment/ENSO_DD_archive.php,状态字段（Watch / Advisory）是离散信号
AGR-MOA-P200,农产品批发价格 200 指数,农业农村部信息中心,官方,C,日度,待核,待核,待核,服务器核实前不得作为证据,http://data.moa.gov.cn/,官方页需 JS,网页（JS）,农业,L1,2026-10-02 UTC 服务器请求（环境代理）：可用性=HTTP502（同URL重试一次仍502）；发布时间=待核；存档入口=待核；保留C。依据：http://data.moa.gov.cn/,2026-05-25 编制调整（235 家市场），前后不可直接比较
MED-NHSA-VBP,国家组织药品集采中选结果,国家医疗保障局,官方,A,按批次不定期,页面时间戳（样本 18:18）,同左,分钟,按页面时间戳,https://www.nhsa.gov.cn/,art_187 系列,网页,医药,L1,已核,「拟中选」早于「中选结果」，拟中选由联采办发布（见 MED-SMPAA-VBP-PRE）
MED-NHSA-NRDL,国家医保药品目录调整（各阶段公告）,国家医疗保障局,官方,A,年度，分阶段,页面时间戳,同左,分钟,按页面时间戳,https://www.nhsa.gov.cn/,art_109 系列,网页,医药；创新药,L1,部分已核：申报、形式审查、专家评审节点,每个阶段都可以单独立卡
MED-NMPA-APPROVAL,药品批准上市 / 批准证明文件送达信息,国家药品监督管理局,官方,C,不定期,待核（URL 疑似含时间）,待核,待核,服务器核实前不得作为证据,https://www.nmpa.gov.cn/,待核,网页,医药；创新药,L1,2026-10-02 UTC 服务器请求（环境代理）：可用性=TLS握手超时（同URL重试一次仍超时）；发布时间=待核，不从URL推定；存档入口=待核；保留C。依据：https://www.nmpa.gov.cn/,新闻写「近日批准」，审批日早于发布日；上市公司巨潮公告可能更早
MED-SMPAA-VBP-PRE,集采拟中选结果公示,上海阳光医药采购网（联采办）,官方,C,开标当天或次日,待核,待核,待核,服务器核实前不得作为证据,https://www.smpaa.cn/,待核,网页,医药,L1,2026-10-02 UTC 服务器请求（环境代理）：可用性=HTTP403（同URL重试一次仍403）；发布时间=待核；存档入口=待核；保留C。依据：https://www.smpaa.cn/,
PV-CNIA-SI-POLY,多晶硅周度成交价（周三）,中国有色金属工业协会硅业分会（安泰科统计）,半一手（行业协会）,C,周度，周三下午,待核,待核,待核,服务器核实原始发布渠道前不得作为证据,http://www.chinania.org.cn/,待核,网页 / 公众号,光伏,L1,2026-10-02 UTC 服务器请求（环境代理）：可用性=HTTP502（与硅片共用入口，同URL重试一次仍502）；发布时间=待核，不用转载证明周三时刻；存档入口=待核；保留C。依据：http://www.chinania.org.cn/,2026-09 报道称企业公开报价体系尚未恢复，可能缺失
PV-CNIA-SI-WAFER,单晶硅片周度价格（周四）,中国有色金属工业协会硅业分会（安泰科统计）,半一手（行业协会）,C,周度，周四,待核,待核,待核,同上,http://www.chinania.org.cn/,待核,网页 / 公众号,光伏,L1,2026-10-02 UTC 服务器请求（环境代理）：可用性=HTTP502（与多晶硅共用入口，同URL重试一次仍502）；发布时间=待核；存档入口=待核；保留C。依据：http://www.chinania.org.cn/,
COAL-BSPI,环渤海动力煤价格指数（BSPI）,秦皇岛海运煤炭交易市场,半一手（交易市场编制）,A,每周三（节假日暂停）,15:00 北京,15:00,分钟,收盘时点发布：按 15:00 可用，与当日 15:00 后生成的卡片兼容,https://www.cctd.com.cn/Echarts/BSPI.html,同左,网页,煤炭,L1,已核：数据说明原文与 2026-09-23 实例,一期覆盖上周三到本周二
DEF-MOF-BUDGET,全国国防支出预算,财政部（全国人大会议预算报告）,官方,B,每年一次（人大开幕日）,开幕日,开幕日,日,以首次抓取时间为可用时点,http://www.mof.gov.cn/,预算报告全文（待核）,网页 / PDF,军工,L1,部分已核：数字和日期经媒体转引,一年一个数据点，信息量很低
